customer_name,customer_id,gender,age,usage_history,churn,location_London,location_New York,location_Sydney,location_Tokyo,location_Toronto,status_Active,status_Cancelled,status_Inactive
Customer_164,1035.0,0,0.9038461538461539,0.7825908494546334,0.0,1,0,0,0,0,0,0,1
Customer_7,1006.0,2,0.7115384615384616,0.2212707870763304,0.0,1,0,0,0,0,0,1,0
Customer_190,1070.0,0,0.07692307692307698,0.225050883147254,0.0,0,0,0,0,0,1,0,0
Customer_63,1089.0,0,0.5192307692307693,0.6536956711448435,1.0,0,0,0,1,0,0,0,1
Customer_36,1081.0,2,0.8461538461538461,0.8678220242103928,1.0,0,0,0,1,0,0,1,0
Customer_189,1096.0,0,0.07692307692307698,0.9708519140954419,0.0,0,0,1,0,0,1,0,0
Customer_190,1001.0,2,0.07692307692307698,0.13178086630264813,0.0,0,0,1,0,0,0,1,0
Customer_140,1073.0,2,0.576923076923077,0.1728754235188476,1.0,0,0,0,0,0,0,1,0
Customer_23,1036.0,0,0.03846153846153849,0.8037325268194287,1.0,0,1,0,0,0,0,0,1
Customer_152,1060.0,0,0.34615384615384615,0.22370204709886646,1.0,0,0,0,0,1,0,0,1
Customer_109,1061.0,1,0.5000000000000001,0.61023224010774,0.0,0,1,0,0,0,0,1,0
Customer_9,1056.0,0,0.21153846153846156,0.9465957589619678,0.0,0,1,0,0,0,1,0,0
Customer_8,1043.0,0,0.9423076923076924,0.7151599148246444,1.0,0,1,0,0,0,1,0,0
Customer_24,1023.0,2,0.15384615384615385,0.7117704681920177,1.0,0,0,0,0,1,0,1,0
Customer_56,1006.0,1,0.9423076923076924,0.2755731081334719,0.0,0,0,0,0,0,1,0,0
Customer_60,1032.0,2,0.7884615384615384,0.8988320197839876,0.0,0,1,0,0,0,0,0,1
Customer_130,1061.0,1,0.8846153846153847,0.8547119131029876,1.0,0,1,0,0,0,0,1,0
Customer_155,1014.0,0,0.7884615384615384,0.46012664800051495,0.0,1,0,0,0,0,1,0,0
Customer_7,1008.0,0,0.5000000000000001,0.21811278054327432,1.0,0,0,0,0,0,0,0,1
Customer_144,1051.0,2,0.4423076923076924,0.3024758035644157,0.0,0,0,0,0,0,0,0,1
Customer_51,1062.0,2,0.46153846153846156,0.5220800918536974,0.0,0,1,0,0,0,0,1,0
Customer_184,1009.0,0,0.5384615384615385,0.625572092858568,1.0,0,0,0,0,0,0,0,1
Customer_167,1073.0,0,0.46153846153846156,0.5862541529736088,1.0,1,0,0,0,0,1,0,0
Customer_108,1006.0,1,0.826923076923077,0.9701956914976348,1.0,0,0,0,0,1,1,0,0
Customer_57,1019.0,2,0.8076923076923078,0.8424420580282138,1.0,0,0,0,1,0,0,0,1
Customer_151,1072.0,0,0.15384615384615385,0.5955867747915482,1.0,0,1,0,0,0,0,1,0
Customer_2,1010.0,1,0.42307692307692313,0.68668846025678,0.0,0,0,0,0,1,0,0,1
Customer_41,1015.0,2,0.5170715249662619,0.3367880303467823,1.0,0,0,0,1,0,0,0,1
Customer_179,1071.0,0,0.5170715249662619,0.27668341949221964,1.0,0,1,0,0,0,0,0,1
Customer_109,1097.0,0,0.48076923076923084,0.3255847436429041,0.0,0,0,0,1,0,1,0,0
Customer_88,1053.0,0,0.6346153846153847,0.27708714317995276,0.0,0,0,0,0,1,0,0,1
Customer_72,1077.0,2,0.15384615384615385,0.6582509993676409,0.0,0,1,0,0,0,0,1,0
Customer_56,1079.0,0,0.2692307692307693,0.6535741921609983,1.0,0,1,0,0,0,0,0,1
Customer_196,1028.0,0,0.0,0.18811196484812095,1.0,0,0,0,0,0,0,0,1
Customer_87,1099.0,1,0.9230769230769232,0.5187187664587222,1.0,0,0,0,0,1,0,0,1
Customer_27,1066.0,2,0.019230769230769273,0.24031819220179837,1.0,0,0,0,1,0,0,0,1
Customer_98,1057.0,2,0.5576923076923077,0.8604702446298803,0.0,0,0,0,0,1,0,1,0
Customer_25,1056.0,0,0.826923076923077,0.8129433116707427,1.0,1,0,0,0,0,1,0,0
Customer_92,1038.0,2,0.8846153846153847,0.40494777904671964,0.0,0,1,0,0,0,0,1,0
Customer_89,1075.0,1,0.6538461538461539,0.32000517171320614,1.0,0,0,0,0,1,0,1,0
Customer_155,1054.0,0,0.5192307692307693,0.13943502401588873,0.0,0,1,0,0,0,1,0,0
Customer_68,1039.0,0,0.6538461538461539,0.024378451751736682,1.0,0,0,0,0,1,1,0,0
Customer_187,1079.0,0,1.0,0.2959020739684166,0.0,0,1,0,0,0,0,0,1
Customer_138,1078.0,1,0.28846153846153855,0.4054507933197916,0.0,0,0,0,0,0,0,1,0
Customer_32,1094.0,0,0.5576923076923077,0.7392735686853361,0.0,0,1,0,0,0,0,0,1
Customer_21,1097.0,2,0.17307692307692313,0.998607768917134,1.0,0,0,1,0,0,1,0,0
Customer_76,1080.0,2,0.23076923076923084,0.3437064421910085,1.0,0,0,1,0,0,0,1,0
Customer_93,1084.0,2,0.13461538461538464,0.6403544041301513,1.0,0,1,0,0,0,1,0,0
Customer_50,1020.0,1,0.980769230769231,0.9442468570502695,0.0,0,0,0,0,1,0,0,1
Customer_181,1030.0,2,0.8076923076923078,0.35911450893729335,1.0,0,0,0,1,0,0,0,1
Customer_18,1022.0,2,0.5000000000000001,0.30051561977993235,0.0,0,1,0,0,0,1,0,0
Customer_170,1009.0,1,0.9423076923076924,0.6597536843321116,0.0,0,0,0,0,1,0,1,0
Customer_59,1020.0,1,0.019230769230769273,0.5598815621816259,0.0,1,0,0,0,0,0,1,0
Customer_198,1000.0,1,0.28846153846153855,0.2940722322298066,0.0,0,0,0,0,0,0,1,0
Customer_75,1052.0,1,0.25,0.4719694416983338,1.0,0,1,0,0,0,0,0,1
Customer_21,1057.0,2,0.07692307692307698,0.7434816629010004,1.0,1,0,0,0,0,0,0,1
Customer_26,1076.0,0,0.5170715249662619,0.5606691601425129,1.0,0,1,0,0,0,0,0,1
Customer_98,1060.0,0,0.03846153846153849,0.9160610084684409,1.0,0,0,0,0,1,0,1,0
Customer_72,1037.0,0,0.5384615384615385,0.9505341042097526,0.0,0,1,0,0,0,0,1,0
Customer_117,1004.0,0,0.730769230769231,0.9029611010479592,0.0,0,1,0,0,0,1,0,0
Customer_163,1029.0,1,0.826923076923077,0.6565574670221092,0.0,0,0,0,1,0,0,0,1
Customer_42,1090.0,2,0.05769230769230771,0.22325769174937946,0.0,0,0,0,1,0,0,1,0
Customer_95,1036.0,0,0.28846153846153855,0.8746589298335817,1.0,1,0,0,0,0,1,0,0
Customer_91,1089.0,1,0.5170715249662619,0.42140521685892024,0.0,0,0,0,0,0,1,0,0
Customer_54,1058.0,0,0.03846153846153849,0.8901486453221392,1.0,1,0,0,0,0,1,0,0
Customer_172,1009.0,2,0.48076923076923084,0.3723668811456248,1.0,0,0,0,0,1,0,0,1
Customer_180,1029.0,1,0.2692307692307693,0.46491348487264433,0.0,1,0,0,0,0,0,1,0
Customer_166,1100.0,0,0.25,0.052743699816108776,0.0,0,0,1,0,0,0,0,1
Customer_19,1080.0,0,0.9230769230769232,0.6364176327585682,0.0,0,0,1,0,0,0,1,0
Customer_163,1084.0,0,0.5170715249662619,0.6226056780493422,1.0,0,0,1,0,0,0,0,1
Customer_187,1014.0,0,0.5170715249662619,0.11921913412287193,0.0,0,0,0,0,0,0,1,0
Customer_63,1069.0,2,0.2692307692307693,0.6829541884827188,0.0,0,0,0,1,0,0,1,0
Customer_42,1028.0,0,1.0,0.5313275019903156,0.0,0,0,0,0,1,0,0,1
Customer_70,1034.0,2,0.3846153846153847,0.15033915551873892,0.0,0,0,0,0,1,0,0,1
Customer_164,1018.0,0,0.6923076923076924,0.996189652927279,0.0,1,0,0,0,0,1,0,0
Customer_177,1009.0,2,0.730769230769231,0.343206748388628,0.0,0,0,0,0,0,0,0,1
Customer_143,1007.0,0,0.5170715249662619,0.9910071693607705,0.0,0,0,1,0,0,0,1,0
Customer_57,1021.0,2,0.826923076923077,0.8961807491728654,1.0,0,0,0,0,1,0,1,0
Customer_176,1039.0,1,1.0,0.9904620669427139,0.0,0,0,0,0,0,1,0,0
Customer_84,1076.0,0,0.3846153846153847,0.1427464277172764,0.0,1,0,0,0,0,0,1,0
Customer_197,1095.0,1,0.5170715249662619,0.8655746628865372,0.0,0,1,0,0,0,0,1,0
Customer_199,1072.0,2,0.3653846153846154,0.18006793956116024,1.0,0,1,0,0,0,0,1,0
Customer_15,1036.0,2,0.17307692307692313,0.08001624663802642,1.0,1,0,0,0,0,0,1,0
Customer_59,1056.0,1,0.8076923076923078,0.3331152342853826,0.0,0,1,0,0,0,0,1,0
Customer_9,1015.0,2,0.6346153846153847,0.9904531385698184,0.0,0,0,1,0,0,1,0,0
Customer_103,1088.0,0,0.5000000000000001,0.05710239425634366,1.0,0,0,0,0,0,0,0,1
Customer_69,1038.0,2,0.3653846153846154,0.4531465292653909,0.0,0,0,0,1,0,0,0,1
Customer_17,1089.0,2,0.326923076923077,0.20924119311872133,0.0,0,0,0,0,0,0,1,0
Customer_55,1051.0,2,0.05769230769230771,0.7762709990286444,1.0,0,0,0,1,0,0,1,0
Customer_146,1034.0,2,0.6730769230769232,0.5780041572379853,0.0,1,0,0,0,0,0,0,1
Customer_184,1064.0,0,0.7115384615384616,0.15803477155229068,1.0,1,0,0,0,0,0,1,0
Customer_81,1069.0,0,0.9038461538461539,0.7879989921935147,1.0,0,0,0,1,0,0,0,1
Customer_55,1063.0,0,0.21153846153846156,0.7825127754634746,0.0,0,0,0,0,1,1,0,0
Customer_128,1010.0,1,0.826923076923077,0.4347114094773571,1.0,1,0,0,0,0,0,1,0
Customer_102,1076.0,0,0.5192307692307693,0.4303878353303812,1.0,0,0,1,0,0,0,0,1
Customer_165,1005.0,1,0.6730769230769232,0.4300016061031105,1.0,0,0,1,0,0,0,0,1
Customer_118,1055.0,2,0.5961538461538463,0.47862251803332756,1.0,0,0,1,0,0,0,1,0
Customer_37,1094.0,1,0.05769230769230771,0.003486578358101171,0.0,0,0,0,0,1,1,0,0
Customer_68,1041.0,0,0.42307692307692313,0.5352916639804765,1.0,0,0,1,0,0,1,0,0
Customer_36,1077.0,0,0.7884615384615384,0.7331696496415279,0.0,0,0,0,1,0,0,1,0
Customer_64,1032.0,2,0.8076923076923078,0.9536953394293954,1.0,0,0,0,0,1,0,0,1
Customer_191,1003.0,0,0.46153846153846156,0.8953377514025979,1.0,0,1,0,0,0,0,0,1
Customer_144,1011.0,1,0.9615384615384616,0.7594915399579198,0.0,0,0,0,0,1,0,1,0
Customer_138,1029.0,0,0.6346153846153847,0.5325288633709968,0.0,0,0,0,1,0,0,1,0
Customer_68,1086.0,0,0.3846153846153847,0.016800954341916755,1.0,1,0,0,0,0,0,1,0
Customer_110,1002.0,1,0.5000000000000001,0.22621042228169289,0.0,0,0,1,0,0,1,0,0
Customer_103,1086.0,2,0.3653846153846154,0.31247357440575796,0.0,0,0,0,0,1,0,0,1
Customer_57,1073.0,0,0.21153846153846156,0.5046906592298174,0.0,0,0,0,1,0,0,0,1
Customer_36,1005.0,1,0.9230769230769232,0.30646599992691426,1.0,0,0,0,0,1,0,0,1
Customer_131,1097.0,2,0.6538461538461539,0.06441282873857805,1.0,0,1,0,0,0,0,1,0
Customer_127,1096.0,1,0.576923076923077,0.04474461143278497,1.0,1,0,0,0,0,0,0,1
Customer_24,1022.0,1,0.28846153846153855,0.9520819330813491,1.0,0,0,0,0,0,0,1,0
Customer_194,1060.0,2,0.2692307692307693,0.4570393151882463,1.0,0,0,0,0,0,0,0,1
Customer_13,1066.0,2,0.3653846153846154,0.5217288279223269,1.0,0,1,0,0,0,0,1,0
Customer_40,1056.0,2,0.5170715249662619,0.4346649902832537,1.0,0,0,0,0,0,0,0,1
Customer_161,1035.0,1,0.980769230769231,0.6890675201858312,1.0,0,0,0,0,1,0,0,1
Customer_41,1023.0,2,0.5576923076923077,0.1332637107584583,1.0,0,0,1,0,0,0,0,1
Customer_175,1074.0,0,0.05769230769230771,1.0,0.0,0,1,0,0,0,0,0,1
Customer_109,1055.0,2,0.6730769230769232,0.4914659309311411,0.0,0,0,1,0,0,0,1,0
Customer_153,1081.0,1,0.5000000000000001,0.7527251375088151,1.0,0,1,0,0,0,0,1,0
Customer_17,1062.0,2,0.5000000000000001,0.16451596628147053,0.0,0,0,0,1,0,0,1,0
Customer_98,1060.0,2,0.6346153846153847,0.8149327227875991,0.0,1,0,0,0,0,0,0,1
Customer_120,1052.0,1,0.46153846153846156,0.2242561833441125,1.0,0,0,1,0,0,1,0,0
Customer_136,1042.0,2,0.28846153846153855,0.9886833328614738,0.0,0,0,0,0,0,1,0,0
Customer_65,1041.0,1,0.3076923076923077,0.2110582506037112,0.0,0,1,0,0,0,1,0,0
Customer_142,1085.0,0,0.25,0.020818434412815556,1.0,0,0,1,0,0,0,1,0
Customer_3,1013.0,0,0.40384615384615385,0.5059943334041413,1.0,0,0,0,0,1,1,0,0
Customer_175,1020.0,2,0.7884615384615384,0.12258220014252613,0.0,1,0,0,0,0,0,1,0
Customer_185,1042.0,1,0.0961538461538462,0.7135212229189914,1.0,0,0,0,0,0,0,0,1
Customer_30,1052.0,1,0.5384615384615385,0.7949504247656808,1.0,0,1,0,0,0,0,1,0
Customer_175,1088.0,1,0.4423076923076924,0.37589473957516384,0.0,0,1,0,0,0,0,1,0
Customer_193,1036.0,2,0.6538461538461539,0.7739667284674677,0.0,0,1,0,0,0,1,0,0
Customer_29,1004.0,2,0.46153846153846156,0.8391670726165366,1.0,0,1,0,0,0,1,0,0
Customer_76,1058.0,0,0.826923076923077,0.04727411874044133,1.0,0,0,0,0,0,1,0,0
Customer_112,1011.0,1,0.730769230769231,0.11517254229536292,0.0,0,0,1,0,0,0,0,1
Customer_41,1040.0,0,0.730769230769231,0.4453682213620331,0.0,0,0,0,1,0,0,1,0
Customer_117,1032.0,1,0.5170715249662619,0.12301748448793035,1.0,0,0,0,0,1,1,0,0
Customer_1,1041.0,2,0.07692307692307698,0.25281767109446807,1.0,0,0,0,0,1,1,0,0
Customer_185,1014.0,1,0.23076923076923084,0.7042323339056688,1.0,0,0,1,0,0,0,0,1
Customer_185,1098.0,1,0.980769230769231,0.20533396482191657,0.0,0,0,0,0,0,0,1,0
Customer_68,1051.0,0,0.9230769230769232,0.6880221029008702,0.0,0,0,0,0,0,1,0,0
Customer_129,1065.0,0,0.7115384615384616,0.008145569350981763,0.0,0,0,0,0,1,1,0,0
Customer_196,1000.0,0,0.8846153846153847,0.4218061342606597,1.0,0,0,0,0,0,0,0,1
Customer_46,1084.0,0,0.8076923076923078,0.10028722420919638,1.0,0,1,0,0,0,0,1,0
Customer_130,1069.0,2,0.6730769230769232,0.5217497557852868,1.0,0,0,0,0,1,1,0,0
Customer_28,1059.0,1,0.25,0.6247596615208179,1.0,0,0,1,0,0,1,0,0
Customer_161,1052.0,2,0.576923076923077,0.7030846565256889,0.0,0,0,1,0,0,0,1,0
Customer_77,1006.0,1,0.25,0.41975002302768605,0.0,0,0,1,0,0,0,0,1
Customer_164,1024.0,2,0.40384615384615385,0.9019869376758519,1.0,1,0,0,0,0,0,0,1
Customer_130,1066.0,1,0.3653846153846154,0.5129809264659492,0.0,0,0,0,1,0,1,0,0
Customer_51,1079.0,1,0.25,0.2829385969698058,1.0,0,0,0,1,0,0,1,0
Customer_40,1096.0,2,0.23076923076923084,0.7875458592264226,1.0,0,1,0,0,0,0,0,1
Customer_96,1063.0,0,0.5170715249662619,0.4990647694717955,1.0,0,0,1,0,0,0,0,1
Customer_196,1080.0,0,0.13461538461538464,0.6108935134647995,0.0,1,0,0,0,0,0,1,0
Customer_139,1097.0,1,0.9230769230769232,0.8345223753894162,1.0,0,1,0,0,0,1,0,0
Customer_136,1006.0,1,0.576923076923077,0.9768637081256281,0.0,0,0,0,1,0,0,1,0
Customer_1,1026.0,2,0.28846153846153855,0.3585362872695284,0.0,0,0,0,0,0,1,0,0
Customer_154,1034.0,0,0.8461538461538461,0.4106343647843813,1.0,0,0,1,0,0,1,0,0
Customer_83,1070.0,0,0.730769230769231,0.15998311393539222,1.0,0,0,0,0,1,1,0,0
Customer_5,1036.0,0,0.5170715249662619,0.913781335013251,0.0,0,0,0,0,1,0,0,1
Customer_29,1056.0,0,0.48076923076923084,0.6904985236952529,1.0,0,0,0,0,1,0,0,1
Customer_93,1089.0,0,0.28846153846153855,0.48190278726396996,0.0,0,1,0,0,0,0,0,1
Customer_79,1062.0,1,0.6730769230769232,0.23449189189281303,1.0,0,0,0,1,0,0,0,1
Customer_62,1015.0,0,0.3846153846153847,0.011607946655865465,1.0,0,0,0,0,1,0,1,0
Customer_62,1080.0,0,0.5170715249662619,0.10978637238843418,1.0,0,0,0,0,1,0,1,0
Customer_146,1077.0,2,0.46153846153846156,0.575867190884698,0.0,1,0,0,0,0,0,0,1
Customer_22,1090.0,0,0.6538461538461539,0.9530695724900226,1.0,1,0,0,0,0,0,1,0
Customer_188,1020.0,2,0.7884615384615384,0.7822853908806207,1.0,0,1,0,0,0,0,1,0
Customer_125,1039.0,1,0.42307692307692313,0.07422367544735597,0.0,0,0,0,0,0,1,0,0
Customer_18,1070.0,0,0.3653846153846154,0.7260507970924901,1.0,0,1,0,0,0,0,1,0
Customer_195,1001.0,2,0.3076923076923077,0.9081757198575795,1.0,0,0,0,0,0,0,1,0
Customer_137,1070.0,1,0.4423076923076924,0.6464082460777602,0.0,0,0,1,0,0,0,0,1
Customer_197,1052.0,0,0.6153846153846154,0.45786843437832053,1.0,0,0,1,0,0,0,1,0
Customer_33,1011.0,0,0.5961538461538463,0.9810561579365334,0.0,0,1,0,0,0,0,1,0
Customer_33,1028.0,1,0.5576923076923077,0.26426232552383067,1.0,0,0,0,1,0,0,1,0
Customer_169,1014.0,0,0.5170715249662619,0.049128644374582024,1.0,0,0,0,0,1,0,1,0
Customer_122,1059.0,2,0.980769230769231,0.8161087721937349,1.0,0,0,0,0,1,0,0,1
Customer_141,1015.0,1,0.8846153846153847,0.877380923634326,0.0,0,0,0,0,1,0,1,0
Customer_43,1082.0,0,0.576923076923077,0.8553777959741209,1.0,0,0,0,0,1,0,1,0
Customer_68,1019.0,0,0.9230769230769232,0.3608407784734876,0.0,0,1,0,0,0,0,1,0
Customer_136,1063.0,0,0.3846153846153847,0.6790029578436018,0.0,0,1,0,0,0,0,1,0
Customer_156,1091.0,0,0.25,0.4269559489200032,1.0,0,1,0,0,0,0,0,1
Customer_109,1037.0,0,0.4423076923076924,0.11528433543328509,0.0,0,0,0,0,1,0,0,1
Customer_55,1065.0,1,0.3846153846153847,0.8543699097087756,0.0,1,0,0,0,0,0,0,1
Customer_139,1090.0,2,0.5000000000000001,0.8936146496287551,0.0,0,0,0,0,1,0,1,0
Customer_52,1060.0,2,0.9038461538461539,0.32912642491194954,0.0,0,0,0,1,0,0,0,1
Customer_183,1031.0,2,0.17307692307692313,0.8978718021516524,0.0,0,0,1,0,0,0,0,1
Customer_80,1058.0,2,0.019230769230769273,0.9587414201231028,1.0,0,0,1,0,0,0,0,1
Customer_103,1070.0,0,0.3076923076923077,0.26846798741214145,1.0,0,0,0,0,1,0,0,1
Customer_167,1049.0,2,0.7115384615384616,0.37331138506451494,1.0,1,0,0,0,0,0,0,1
Customer_96,1024.0,1,0.5170715249662619,0.3432598550080496,0.0,0,0,0,1,0,1,0,0
Customer_113,1076.0,2,0.8846153846153847,0.11320475632212866,0.0,0,1,0,0,0,1,0,0
Customer_133,1065.0,1,0.5000000000000001,0.40108000282712875,0.0,0,0,0,0,1,0,1,0
Customer_116,1095.0,0,0.34615384615384615,0.45765480508476364,0.0,0,0,0,1,0,1,0,0
Customer_31,1017.0,0,0.17307692307692313,0.8387533142620439,0.0,0,0,0,0,1,0,0,1
Customer_64,1008.0,0,0.23076923076923084,0.6922056798042573,1.0,0,1,0,0,0,0,0,1
Customer_58,1035.0,1,0.40384615384615385,0.4794715502633191,1.0,0,1,0,0,0,0,0,1
Customer_17,1098.0,0,0.2692307692307693,0.42267891673994556,0.0,0,0,0,1,0,0,1,0
Customer_87,1053.0,0,0.46153846153846156,0.889425321356889,0.0,0,0,0,0,0,1,0,0
Customer_151,1100.0,1,0.28846153846153855,0.13197935637155023,0.0,0,0,1,0,0,0,0,1
Customer_151,1000.0,0,0.7884615384615384,0.8474387759774049,1.0,0,0,0,0,1,1,0,0
Customer_57,1036.0,2,0.826923076923077,0.10303438695653726,0.0,0,0,1,0,0,0,0,1
Customer_2,1092.0,0,0.40384615384615385,0.9146558952272654,0.0,0,0,0,0,1,0,0,1
Customer_19,1038.0,1,0.3076923076923077,0.48392392459508554,1.0,0,1,0,0,0,0,1,0
Customer_182,1075.0,0,0.9230769230769232,0.570631356678658,0.0,0,0,0,0,0,1,0,0
Customer_162,1074.0,2,1.0,0.4391854445832952,1.0,0,0,0,0,0,1,0,0
Customer_16,1084.0,0,0.5961538461538463,0.6132266711906674,0.0,0,0,1,0,0,0,1,0
Customer_59,1062.0,2,0.8846153846153847,0.7819216217447329,1.0,0,0,0,1,0,0,0,1
Customer_85,1068.0,1,0.5961538461538463,0.8832202756346093,1.0,0,0,1,0,0,0,1,0
Customer_19,1061.0,1,0.5576923076923077,0.7297720175336652,1.0,1,0,0,0,0,0,0,1
Customer_132,1044.0,0,0.1923076923076924,0.8950929215381248,1.0,0,0,0,1,0,0,0,1
Customer_61,1042.0,2,0.8846153846153847,0.48433078968289667,1.0,1,0,0,0,0,1,0,0
Customer_72,1070.0,1,0.9615384615384616,0.48939956485635255,0.0,0,0,0,1,0,1,0,0
Customer_172,1097.0,2,0.42307692307692313,0.8909028408955417,1.0,0,1,0,0,0,0,1,0
Customer_125,1069.0,1,0.1923076923076924,0.44172336499950204,0.0,0,0,1,0,0,0,1,0
Customer_55,1048.0,1,0.15384615384615385,0.06245192807831409,0.0,0,0,0,0,1,0,1,0
Customer_139,1058.0,1,0.8846153846153847,0.657099133073927,1.0,0,0,0,0,1,0,0,1
Customer_34,1041.0,1,0.6538461538461539,0.011216778557565279,0.0,0,1,0,0,0,0,0,1
Customer_186,1024.0,2,0.5961538461538463,0.8715431999114163,0.0,0,1,0,0,0,1,0,0
Customer_147,1089.0,2,0.21153846153846156,0.5262813694531201,0.0,0,0,0,0,1,0,0,1
Customer_122,1073.0,2,0.7884615384615384,0.7262490955680073,1.0,0,1,0,0,0,0,0,1
Customer_63,1049.0,0,0.05769230769230771,0.22391802784070852,1.0,0,1,0,0,0,0,1,0
Customer_105,1099.0,2,0.03846153846153849,0.8763789669828009,0.0,1,0,0,0,0,0,1,0
Customer_49,1052.0,1,0.07692307692307698,0.5205340475615519,1.0,0,1,0,0,0,0,1,0
Customer_25,1005.0,0,1.0,0.6905364436266189,0.0,0,0,0,0,0,0,1,0
Customer_25,1040.0,1,0.8076923076923078,0.620177710180929,0.0,0,0,0,1,0,0,1,0
Customer_111,1060.0,2,0.9230769230769232,0.7291421633742868,1.0,1,0,0,0,0,0,0,1
Customer_91,1090.0,1,0.0,0.4831749606508159,1.0,1,0,0,0,0,0,1,0
Customer_106,1049.0,2,0.15384615384615385,0.6434609903973241,0.0,0,0,1,0,0,0,1,0
Customer_187,1083.0,1,0.2692307692307693,0.8294356295646068,0.0,0,1,0,0,0,0,0,1
Customer_168,1004.0,2,0.17307692307692313,0.010497793967219083,0.0,1,0,0,0,0,1,0,0
Customer_166,1016.0,0,0.0,0.9379182921382905,1.0,0,0,0,1,0,1,0,0
Customer_26,1064.0,2,0.25,0.5069331020853051,0.0,0,1,0,0,0,0,0,1
Customer_16,1075.0,2,0.6153846153846154,0.4704699160444954,0.0,0,0,0,0,0,1,0,0
Customer_104,1042.0,0,0.5576923076923077,0.49715095064258286,1.0,0,0,0,0,1,0,1,0
Customer_87,1056.0,2,0.05769230769230771,0.7540462427941992,0.0,0,0,0,1,0,0,1,0
Customer_50,1058.0,2,0.8076923076923078,0.27836581487719814,1.0,0,0,0,1,0,0,1,0
Customer_49,1001.0,0,0.7500000000000001,0.5083017897141964,1.0,0,1,0,0,0,0,1,0
Customer_138,1092.0,2,0.576923076923077,0.552089650368325,0.0,0,0,1,0,0,0,0,1
Customer_115,1018.0,0,0.8076923076923078,0.379357425077631,0.0,0,1,0,0,0,1,0,0
Customer_36,1052.0,0,0.5961538461538463,0.8200536300698037,1.0,0,1,0,0,0,0,0,1
Customer_109,1083.0,2,0.019230769230769273,0.07802529869649694,0.0,1,0,0,0,0,1,0,0
Customer_47,1019.0,1,0.0,0.44524217089749796,0.0,1,0,0,0,0,1,0,0
Customer_72,1009.0,2,0.6538461538461539,0.5747436698127621,1.0,0,0,1,0,0,1,0,0
Customer_119,1060.0,0,0.6730769230769232,0.08726131079028941,0.0,0,1,0,0,0,0,1,0
Customer_20,1033.0,0,0.0,0.3164630331524216,1.0,0,1,0,0,0,1,0,0
Customer_141,1079.0,2,0.6346153846153847,0.7478237123658386,1.0,0,0,0,1,0,0,0,1
Customer_13,1050.0,1,0.326923076923077,0.40428566058804927,0.0,0,0,0,1,0,1,0,0
Customer_167,1083.0,0,0.6538461538461539,0.03480789950685119,0.0,0,1,0,0,0,0,1,0
Customer_4,1042.0,2,0.019230769230769273,0.8289038764469002,1.0,0,0,0,0,0,0,1,0
Customer_24,1086.0,2,0.5170715249662619,0.7946048056129459,1.0,0,1,0,0,0,1,0,0
Customer_193,1068.0,2,1.0,0.9668646258199031,0.0,0,0,0,1,0,1,0,0
Customer_61,1048.0,0,0.8461538461538461,0.6395749918400289,1.0,1,0,0,0,0,1,0,0
Customer_105,1080.0,2,0.5192307692307693,0.5639868680137183,1.0,0,0,1,0,0,1,0,0
Customer_125,1091.0,1,0.980769230769231,0.6567196269706015,1.0,0,0,0,1,0,0,0,1
Customer_124,1097.0,0,0.21153846153846156,0.4573223590081693,0.0,0,0,0,0,1,1,0,0
Customer_103,1069.0,2,0.11538461538461542,0.8283030677745845,1.0,1,0,0,0,0,0,0,1
Customer_98,1008.0,0,0.28846153846153855,0.33245507164829163,1.0,0,0,1,0,0,0,0,1
Customer_1,1030.0,2,0.23076923076923084,0.770113965031089,1.0,0,0,0,0,0,0,0,1
Customer_100,1080.0,0,0.7500000000000001,0.6017968146252263,0.0,1,0,0,0,0,0,1,0
Customer_68,1087.0,2,0.5170715249662619,0.7190974237279842,1.0,0,0,0,0,1,1,0,0
Customer_117,1036.0,2,0.3076923076923077,0.3639363290721287,1.0,0,0,1,0,0,0,0,1
Customer_109,1095.0,1,0.5170715249662619,0.09672637686598815,0.0,1,0,0,0,0,1,0,0
Customer_188,1055.0,0,0.9615384615384616,0.0010018124476568644,0.0,0,0,0,0,0,0,0,1
Customer_143,1012.0,0,0.48076923076923084,0.35573927279893913,1.0,0,1,0,0,0,0,0,1
Customer_170,1097.0,2,0.0961538461538462,0.6356783277382391,0.0,1,0,0,0,0,1,0,0
Customer_184,1081.0,2,0.4423076923076924,0.802775590806748,1.0,0,0,1,0,0,0,1,0
Customer_125,1090.0,0,0.48076923076923084,0.5492703932507511,1.0,0,0,0,1,0,0,0,1
Customer_40,1012.0,0,0.5576923076923077,0.37458604366874854,1.0,0,1,0,0,0,1,0,0
Customer_56,1088.0,1,0.8461538461538461,0.49372080107991506,0.0,0,0,0,1,0,0,0,1
Customer_15,1038.0,1,0.2692307692307693,0.8248130731959933,0.0,0,1,0,0,0,1,0,0
Customer_189,1005.0,0,0.826923076923077,0.4100861166305915,1.0,0,0,0,0,0,0,1,0
Customer_139,1041.0,2,1.0,0.2543765793649187,0.0,0,0,0,0,1,1,0,0
Customer_16,1007.0,1,0.0961538461538462,0.1957118158181977,1.0,0,0,0,0,1,0,0,1
Customer_192,1037.0,1,0.7884615384615384,0.12015373458659308,0.0,0,1,0,0,0,0,0,1
Customer_81,1045.0,0,0.7884615384615384,0.8553232057067464,1.0,0,1,0,0,0,1,0,0
Customer_15,1047.0,1,0.9230769230769232,0.21547990509012377,1.0,1,0,0,0,0,0,1,0
Customer_13,1055.0,0,0.03846153846153849,0.8275423707543836,1.0,0,0,1,0,0,1,0,0
Customer_150,1018.0,2,0.0961538461538462,0.19034193418921813,0.0,1,0,0,0,0,1,0,0
Customer_123,1031.0,2,0.48076923076923084,0.3384463181339635,0.0,0,0,0,0,0,0,0,1
Customer_129,1067.0,2,0.46153846153846156,0.7597946780612636,0.0,0,0,0,0,0,0,1,0
Customer_41,1072.0,1,0.6730769230769232,0.6352554746752364,0.0,1,0,0,0,0,0,1,0
Customer_15,1087.0,0,0.576923076923077,0.6743546719314764,1.0,0,0,0,0,1,0,1,0
Customer_21,1021.0,0,0.7692307692307693,0.8950844319947401,0.0,0,1,0,0,0,0,0,1
Customer_48,1022.0,2,0.0,0.45850831520263385,1.0,0,1,0,0,0,0,0,1
Customer_18,1010.0,2,0.8461538461538461,0.5911077291042223,0.0,1,0,0,0,0,0,1,0
Customer_153,1078.0,0,0.1923076923076924,0.5055561371351263,1.0,0,0,1,0,0,0,0,1
Customer_18,1048.0,2,0.0961538461538462,0.9675516107682672,1.0,0,0,0,0,0,0,0,1
Customer_104,1030.0,1,0.7884615384615384,0.554834301017864,1.0,0,0,0,0,0,0,1,0
Customer_31,1063.0,0,0.9615384615384616,0.4338057914461811,1.0,0,0,0,0,1,1,0,0
Customer_146,1074.0,2,0.40384615384615385,0.5868909314009297,1.0,0,1,0,0,0,0,1,0
Customer_64,1018.0,2,0.6923076923076924,0.9278668723378313,0.0,0,0,1,0,0,0,1,0
Customer_149,1029.0,2,0.11538461538461542,0.7838485771186514,0.0,0,1,0,0,0,0,1,0
Customer_153,1059.0,0,0.6346153846153847,0.9136053030389099,0.0,0,0,1,0,0,1,0,0
Customer_11,1081.0,2,0.03846153846153849,0.6941307043878152,0.0,1,0,0,0,0,0,0,1
Customer_159,1032.0,1,0.2692307692307693,0.17332732442132956,0.0,0,0,0,0,1,0,0,1
Customer_21,1058.0,1,0.25,0.8181850208733624,0.0,0,1,0,0,0,0,1,0
Customer_108,1032.0,1,0.8461538461538461,0.10287443276701555,0.0,0,1,0,0,0,0,0,1
Customer_169,1085.0,0,0.6923076923076924,0.6596603383377395,1.0,0,0,1,0,0,1,0,0
Customer_150,1001.0,1,0.576923076923077,0.6080380256057298,1.0,0,0,1,0,0,0,0,1
Customer_145,1059.0,2,0.326923076923077,0.32227468215994437,1.0,0,1,0,0,0,1,0,0
Customer_134,1036.0,0,0.03846153846153849,0.8846679231075484,1.0,0,1,0,0,0,0,1,0
Customer_81,1086.0,2,0.07692307692307698,0.41958819804665054,0.0,0,0,0,0,1,1,0,0
Customer_67,1069.0,0,0.826923076923077,0.6108853563823942,0.0,1,0,0,0,0,1,0,0
Customer_53,1020.0,1,0.326923076923077,0.6948320769870027,1.0,0,1,0,0,0,1,0,0
Customer_172,1009.0,2,0.5170715249662619,0.2482952779701729,1.0,0,0,0,1,0,0,1,0
Customer_62,1075.0,2,0.03846153846153849,0.29446370277424777,1.0,0,1,0,0,0,1,0,0
Customer_102,1081.0,0,0.3846153846153847,0.13767662129674027,0.0,0,0,0,0,1,0,0,1
Customer_34,1054.0,2,0.5170715249662619,0.6043832032089306,1.0,0,0,0,1,0,0,1,0
Customer_172,1088.0,0,0.25,0.889739882168061,0.0,0,0,0,1,0,1,0,0
Customer_118,1038.0,1,0.9230769230769232,0.5493863699077595,1.0,1,0,0,0,0,1,0,0
Customer_81,1025.0,1,1.0,0.31430135996537434,0.0,0,1,0,0,0,1,0,0
Customer_193,1049.0,1,0.8653846153846155,0.7393605616331459,0.0,0,1,0,0,0,0,1,0
Customer_19,1061.0,2,1.0,0.5551913420834443,1.0,1,0,0,0,0,0,1,0
Customer_3,1013.0,1,0.48076923076923084,0.21724187558647298,0.0,0,0,1,0,0,0,0,1
Customer_118,1030.0,0,0.07692307692307698,0.20957320142986424,1.0,0,1,0,0,0,0,1,0
Customer_160,1048.0,2,0.3653846153846154,0.7168123256822435,0.0,1,0,0,0,0,0,1,0
Customer_145,1073.0,1,0.1923076923076924,0.6888978038497676,0.0,0,1,0,0,0,1,0,0
Customer_26,1045.0,0,0.6923076923076924,0.9246715907229068,1.0,1,0,0,0,0,0,0,1
Customer_19,1073.0,2,0.28846153846153855,0.1321403234272611,1.0,0,0,0,0,0,1,0,0
Customer_138,1037.0,0,0.6923076923076924,0.7128039461572045,1.0,0,0,0,0,0,1,0,0
Customer_68,1002.0,1,0.6538461538461539,0.5440448419507664,1.0,0,1,0,0,0,1,0,0
Customer_90,1050.0,0,0.46153846153846156,0.7127600072294523,0.0,0,0,0,1,0,0,1,0
Customer_18,1035.0,2,0.9230769230769232,0.7634388050717542,0.0,1,0,0,0,0,0,0,1
Customer_95,1072.0,1,0.15384615384615385,0.5845647175025848,0.0,0,0,0,1,0,1,0,0
Customer_73,1087.0,0,0.9615384615384616,0.9462627563651719,0.0,0,0,0,0,0,1,0,0
Customer_41,1099.0,0,0.8461538461538461,0.7125297461589819,1.0,0,0,0,1,0,0,0,1
Customer_140,1006.0,0,0.0961538461538462,0.8972068204858729,1.0,0,1,0,0,0,1,0,0
Customer_181,1077.0,1,0.6153846153846154,0.5354124763081861,0.0,1,0,0,0,0,0,1,0
Customer_78,1095.0,2,0.9038461538461539,0.880734683783039,1.0,0,1,0,0,0,0,1,0
Customer_157,1063.0,0,0.42307692307692313,0.4233287534236827,0.0,0,0,0,1,0,1,0,0
Customer_168,1036.0,1,0.05769230769230771,0.011629167898750537,0.0,0,0,0,0,1,1,0,0
Customer_136,1099.0,1,0.11538461538461542,0.10580577386250704,0.0,0,0,0,0,1,0,0,1
Customer_171,1077.0,1,0.2692307692307693,0.05212863187954081,0.0,0,1,0,0,0,0,0,1
Customer_142,1045.0,1,0.07692307692307698,0.055686413636558824,0.0,1,0,0,0,0,0,1,0
Customer_77,1028.0,2,0.40384615384615385,0.2671300867716373,1.0,0,0,0,1,0,0,1,0
Customer_170,1081.0,1,0.730769230769231,0.788321913489313,1.0,1,0,0,0,0,0,0,1
Customer_27,1024.0,2,0.9423076923076924,0.9873293490861518,0.0,0,1,0,0,0,0,0,1
Customer_35,1079.0,0,0.7500000000000001,0.6856604500052356,0.0,0,0,0,0,1,0,1,0
Customer_68,1032.0,0,0.730769230769231,0.14596696563833245,0.0,1,0,0,0,0,1,0,0
Customer_30,1086.0,2,0.48076923076923084,0.061142075975966256,1.0,0,0,0,1,0,1,0,0
Customer_28,1096.0,2,0.9423076923076924,0.7871411456319803,1.0,0,0,0,0,0,0,1,0
Customer_191,1092.0,0,0.3846153846153847,0.2038323523863138,1.0,0,0,1,0,0,0,0,1
Customer_142,1098.0,1,0.019230769230769273,0.5427187391611538,0.0,0,1,0,0,0,0,0,1
Customer_155,1080.0,2,0.5384615384615385,0.6777561287891849,1.0,1,0,0,0,0,1,0,0
Customer_54,1012.0,2,0.5961538461538463,0.5635370023858575,1.0,0,1,0,0,0,0,0,1
Customer_88,1082.0,0,0.42307692307692313,0.6492050542897757,0.0,0,0,0,0,0,0,0,1
Customer_53,1005.0,2,0.6730769230769232,0.3896586320739504,1.0,0,0,1,0,0,0,1,0
Customer_176,1039.0,0,0.46153846153846156,0.5123150736041505,0.0,0,0,0,0,1,0,0,1
Customer_163,1100.0,2,0.5192307692307693,0.7996808596064592,1.0,0,0,1,0,0,0,1,0
Customer_68,1056.0,2,0.21153846153846156,0.6984634180697215,0.0,1,0,0,0,0,0,1,0
Customer_130,1004.0,0,0.826923076923077,0.6952547561311455,1.0,0,1,0,0,0,0,0,1
Customer_126,1074.0,1,0.7115384615384616,0.04601255841877292,1.0,0,0,0,0,0,1,0,0
Customer_65,1046.0,1,0.8076923076923078,0.38231744216473373,1.0,0,1,0,0,0,0,1,0
Customer_14,1093.0,2,0.46153846153846156,0.4174790145056609,0.0,1,0,0,0,0,1,0,0
Customer_24,1016.0,0,0.0961538461538462,0.7909143721467023,0.0,0,1,0,0,0,0,1,0
Customer_163,1011.0,1,0.9423076923076924,0.6874278295687861,1.0,0,1,0,0,0,0,0,1
Customer_71,1041.0,2,0.34615384615384615,0.052869574807384266,0.0,1,0,0,0,0,0,1,0
Customer_1,1053.0,0,0.28846153846153855,0.20291402386740143,0.0,1,0,0,0,0,0,0,1
Customer_198,1025.0,1,0.07692307692307698,0.8636155423633533,1.0,0,0,0,1,0,0,1,0
Customer_34,1016.0,0,0.0961538461538462,0.4441114253099133,1.0,0,0,0,0,1,1,0,0
Customer_164,1100.0,0,0.326923076923077,0.22548956017263685,0.0,0,0,0,0,1,1,0,0
Customer_68,1069.0,0,0.17307692307692313,0.6358062889728452,0.0,0,0,0,0,1,0,1,0
Customer_42,1046.0,1,0.46153846153846156,0.7119486267035411,0.0,0,1,0,0,0,1,0,0
Customer_190,1067.0,1,0.8653846153846155,0.3684055228102218,1.0,0,0,1,0,0,0,0,1
Customer_110,1032.0,1,0.9038461538461539,0.7273958772005891,1.0,0,1,0,0,0,0,0,1
Customer_144,1061.0,0,0.5170715249662619,0.19327573105392146,0.0,0,1,0,0,0,0,0,1
Customer_3,1037.0,1,0.5170715249662619,0.44989174971302637,1.0,1,0,0,0,0,1,0,0
Customer_29,1095.0,2,0.4423076923076924,0.9872498767926151,1.0,0,0,0,0,1,0,1,0
Customer_20,1043.0,1,0.11538461538461542,0.0736415093511895,1.0,0,0,0,0,0,0,1,0
Customer_140,1009.0,0,0.3653846153846154,0.11875465735619452,1.0,0,0,0,1,0,1,0,0
Customer_10,1018.0,1,0.5384615384615385,0.03963462956058853,1.0,0,1,0,0,0,1,0,0
Customer_95,1096.0,2,0.4423076923076924,0.2793257896392441,1.0,0,1,0,0,0,0,1,0
Customer_150,1028.0,0,0.5170715249662619,0.264377480897054,0.0,0,0,0,0,0,0,0,1
Customer_142,1086.0,2,0.326923076923077,0.16054118964487274,0.0,0,1,0,0,0,0,1,0
Customer_38,1092.0,1,0.11538461538461542,0.8491115912415294,1.0,1,0,0,0,0,1,0,0
Customer_33,1050.0,1,0.0961538461538462,0.4674972721943044,0.0,0,0,0,0,0,0,1,0
Customer_79,1046.0,0,0.5192307692307693,0.038937457318461086,0.0,0,0,0,0,0,0,1,0
Customer_94,1011.0,2,0.5384615384615385,0.9321458943917945,0.0,0,0,0,0,0,0,1,0
Customer_11,1050.0,1,0.6730769230769232,0.5987103737053044,1.0,0,1,0,0,0,0,0,1
Customer_92,1001.0,0,0.6730769230769232,0.7763902812892145,0.0,0,0,0,0,0,1,0,0
Customer_54,1033.0,2,0.6153846153846154,0.6273416152988887,1.0,0,0,0,0,1,0,1,0
Customer_175,1068.0,0,0.5000000000000001,0.8462227551048203,1.0,0,0,0,0,0,0,1,0
Customer_64,1015.0,0,0.11538461538461542,0.30148049304922475,0.0,1,0,0,0,0,0,0,1
Customer_171,1058.0,1,0.019230769230769273,0.7927201641389008,0.0,0,0,0,1,0,0,1,0
Customer_27,1047.0,0,0.0961538461538462,0.5517525542158477,0.0,1,0,0,0,0,1,0,0
Customer_91,1086.0,0,0.42307692307692313,0.07204523156003377,1.0,1,0,0,0,0,0,1,0
Customer_144,1095.0,1,0.6730769230769232,0.7100752531614645,1.0,0,0,0,1,0,0,0,1
Customer_105,1086.0,0,0.0961538461538462,0.526861460609593,0.0,0,0,0,1,0,0,0,1
Customer_159,1033.0,0,0.730769230769231,0.9606496393113423,1.0,0,0,0,0,0,0,0,1
Customer_40,1048.0,1,0.9615384615384616,0.7890516536592951,1.0,0,1,0,0,0,0,0,1
Customer_61,1081.0,0,0.3846153846153847,0.1589749049830362,0.0,0,0,1,0,0,1,0,0
Customer_42,1047.0,0,0.46153846153846156,0.5446365132230719,0.0,0,1,0,0,0,1,0,0
Customer_46,1013.0,0,0.0,0.40426295311141563,0.0,0,0,1,0,0,0,1,0
Customer_106,1086.0,0,0.34615384615384615,0.34997406568463596,0.0,1,0,0,0,0,0,1,0
Customer_7,1029.0,0,0.5000000000000001,0.8866843004377347,1.0,0,1,0,0,0,1,0,0
Customer_46,1060.0,0,0.46153846153846156,0.6655025728962084,1.0,0,0,0,1,0,1,0,0
Customer_189,1003.0,1,0.9423076923076924,0.3315443733958795,0.0,0,0,0,0,0,1,0,0
Customer_86,1079.0,1,0.0961538461538462,0.2938614698092824,1.0,0,0,0,0,0,1,0,0
Customer_106,1071.0,1,0.8846153846153847,0.9539362194717358,0.0,0,0,1,0,0,1,0,0
Customer_172,1041.0,1,0.6730769230769232,0.6202195066582961,1.0,0,0,0,0,0,1,0,0
Customer_189,1078.0,0,0.28846153846153855,0.47606649404737483,0.0,0,1,0,0,0,1,0,0
Customer_64,1028.0,0,0.5170715249662619,0.5629839027983204,0.0,0,1,0,0,0,0,0,1
Customer_41,1008.0,0,0.1923076923076924,0.6513968165022221,0.0,0,0,0,0,0,1,0,0
Customer_180,1081.0,1,0.826923076923077,0.11409923503782977,0.0,1,0,0,0,0,1,0,0
Customer_28,1059.0,0,0.46153846153846156,0.3465611317933536,0.0,0,0,0,0,0,0,1,0
Customer_10,1038.0,0,0.15384615384615385,0.644325267770612,1.0,0,0,0,0,1,0,0,1
Customer_57,1052.0,1,0.3653846153846154,0.2438612106379553,0.0,1,0,0,0,0,0,0,1
Customer_118,1017.0,0,0.5961538461538463,0.8889592346738724,0.0,0,1,0,0,0,0,1,0
Customer_90,1005.0,0,0.17307692307692313,0.3821063533028249,0.0,0,1,0,0,0,0,1,0
Customer_79,1004.0,2,0.5170715249662619,0.7990506075917726,1.0,0,0,0,0,0,0,1,0
Customer_59,1038.0,0,0.1923076923076924,0.11274445419992547,0.0,0,0,0,0,1,0,0,1
Customer_58,1063.0,2,0.5192307692307693,0.2566895312896606,1.0,0,0,0,1,0,1,0,0
Customer_169,1012.0,1,0.5000000000000001,0.02362509740371611,0.0,0,0,1,0,0,1,0,0
Customer_50,1030.0,0,0.3653846153846154,0.5182908375798352,0.0,0,1,0,0,0,0,1,0
Customer_103,1068.0,2,0.576923076923077,0.773207544967421,1.0,0,0,0,1,0,0,1,0
Customer_85,1017.0,2,0.9615384615384616,0.5157190605790034,1.0,0,0,1,0,0,1,0,0
Customer_90,1095.0,1,0.8846153846153847,0.32073588904721934,1.0,1,0,0,0,0,1,0,0
Customer_165,1089.0,2,0.7692307692307693,0.08155803117776163,1.0,0,1,0,0,0,0,0,1
Customer_131,1069.0,2,0.5961538461538463,0.09523825380495869,1.0,0,0,0,1,0,0,1,0
Customer_103,1053.0,2,0.730769230769231,0.9753651711811282,1.0,0,1,0,0,0,1,0,0
Customer_174,1075.0,2,0.7500000000000001,0.7760461077037046,0.0,1,0,0,0,0,0,0,1
Customer_138,1095.0,1,0.23076923076923084,0.5347119491977262,1.0,0,1,0,0,0,0,1,0
Customer_85,1093.0,2,0.5576923076923077,0.6289159971200672,0.0,0,0,0,1,0,0,1,0
Customer_8,1019.0,0,0.11538461538461542,0.21064741702775963,1.0,0,1,0,0,0,0,0,1
Customer_30,1053.0,1,0.15384615384615385,0.6315105367758512,1.0,0,0,0,0,0,0,0,1
Customer_67,1083.0,2,0.3653846153846154,0.21305325058072477,1.0,0,0,1,0,0,0,1,0
Customer_46,1012.0,0,0.0,0.6876855540001401,1.0,0,0,0,1,0,1,0,0
Customer_68,1078.0,0,0.40384615384615385,0.2054190477752523,0.0,0,1,0,0,0,0,0,1
Customer_28,1035.0,2,0.46153846153846156,0.8819005814855803,1.0,0,1,0,0,0,1,0,0
Customer_112,1088.0,2,0.40384615384615385,0.43624552246001486,1.0,0,0,0,0,1,1,0,0
Customer_89,1047.0,0,0.5384615384615385,0.8197028973166195,1.0,1,0,0,0,0,0,0,1
Customer_187,1027.0,0,0.40384615384615385,0.07128106164933362,1.0,0,0,0,1,0,1,0,0
Customer_81,1056.0,1,0.5170715249662619,0.6883271576227793,0.0,0,0,1,0,0,1,0,0
Customer_112,1056.0,2,1.0,0.022667466941936807,1.0,0,0,0,0,1,0,1,0
Customer_30,1012.0,1,0.730769230769231,0.07241433337222167,0.0,0,0,1,0,0,0,1,0
Customer_99,1087.0,2,0.15384615384615385,0.17769130517120466,0.0,0,0,0,0,0,1,0,0
Customer_66,1082.0,1,0.730769230769231,0.8245926161114124,1.0,1,0,0,0,0,1,0,0
Customer_12,1045.0,0,0.8461538461538461,0.9144144865465942,0.0,1,0,0,0,0,1,0,0
Customer_182,1007.0,1,0.23076923076923084,0.40850011067047937,0.0,0,0,1,0,0,0,1,0
Customer_112,1050.0,2,0.576923076923077,0.4522142458833315,0.0,0,0,0,1,0,0,1,0
Customer_134,1024.0,0,0.21153846153846156,0.31680749507277256,1.0,0,0,0,0,1,0,1,0
Customer_138,1015.0,2,0.48076923076923084,0.39027696678263496,0.0,0,0,0,1,0,0,1,0
Customer_176,1058.0,1,0.3846153846153847,0.1177012762413598,0.0,0,0,1,0,0,1,0,0
Customer_185,1011.0,1,0.34615384615384615,0.004722624226730463,1.0,0,1,0,0,0,0,1,0
Customer_172,1082.0,0,0.7692307692307693,0.7485394010585883,1.0,0,0,0,1,0,0,0,1
Customer_51,1081.0,2,0.5961538461538463,0.0445420884529789,1.0,0,0,1,0,0,0,1,0
Customer_94,1076.0,1,0.6923076923076924,0.8513600140797082,0.0,0,0,1,0,0,1,0,0
Customer_111,1002.0,1,0.9615384615384616,0.358313461681598,0.0,1,0,0,0,0,0,1,0
Customer_18,1006.0,2,0.28846153846153855,0.504188590341722,0.0,0,0,1,0,0,0,1,0
Customer_171,1100.0,0,0.3846153846153847,0.29010469735507627,0.0,1,0,0,0,0,0,0,1
Customer_85,1042.0,2,0.46153846153846156,0.6881614386217368,0.0,0,0,0,0,0,0,1,0
Customer_160,1031.0,2,0.326923076923077,0.6084451534319949,0.0,0,0,1,0,0,0,0,1
Customer_81,1016.0,2,1.0,0.28174322295609,0.0,0,0,0,1,0,0,1,0
Customer_170,1100.0,2,0.9615384615384616,0.930198680259893,0.0,1,0,0,0,0,0,1,0
Customer_77,1008.0,0,0.5170715249662619,0.02976961825124652,1.0,0,1,0,0,0,1,0,0
Customer_130,1097.0,0,0.6923076923076924,0.15591238631696547,0.0,0,1,0,0,0,1,0,0
Customer_80,1070.0,2,0.23076923076923084,0.21977787948133115,0.0,1,0,0,0,0,0,1,0
Customer_105,1075.0,1,0.6538461538461539,0.799617327315291,1.0,1,0,0,0,0,0,1,0
Customer_84,1027.0,0,0.21153846153846156,0.852582399979484,1.0,0,1,0,0,0,0,0,1
Customer_104,1029.0,2,0.826923076923077,0.2952727247242464,1.0,0,0,1,0,0,0,1,0
Customer_179,1042.0,1,0.9423076923076924,0.6360647721962854,0.0,0,0,0,0,0,1,0,0
Customer_76,1099.0,1,0.5170715249662619,0.29836641670290676,1.0,0,1,0,0,0,0,1,0
Customer_142,1018.0,2,0.019230769230769273,0.8902838991599334,1.0,0,0,0,1,0,0,1,0
Customer_33,1100.0,2,0.8846153846153847,0.9690699326625208,1.0,0,0,1,0,0,0,0,1
Customer_50,1076.0,0,0.5576923076923077,0.870343830044717,1.0,1,0,0,0,0,0,0,1
Customer_108,1000.0,0,0.8653846153846155,0.6500303959227955,1.0,1,0,0,0,0,0,0,1
Customer_98,1018.0,2,0.5384615384615385,0.010000617998291507,0.0,0,0,0,0,1,0,0,1
Customer_192,1069.0,0,0.34615384615384615,0.14088672916641756,0.0,0,0,0,1,0,0,0,1
Customer_45,1032.0,0,0.8461538461538461,0.04077933072247045,1.0,0,1,0,0,0,0,1,0
Customer_158,1022.0,1,0.07692307692307698,0.5744257249571324,1.0,0,1,0,0,0,0,0,1
Customer_146,1014.0,2,1.0,0.3948800981964625,1.0,1,0,0,0,0,0,1,0
Customer_78,1084.0,1,0.9615384615384616,0.5491044217186125,0.0,0,0,1,0,0,0,0,1
Customer_104,1003.0,2,0.9615384615384616,0.08435358901075003,1.0,0,0,0,0,1,0,1,0
Customer_141,1016.0,0,0.5000000000000001,0.20991512644680665,1.0,1,0,0,0,0,1,0,0
Customer_78,1045.0,0,0.5961538461538463,0.7284239063382221,1.0,0,0,1,0,0,0,1,0
Customer_74,1100.0,2,0.15384615384615385,0.21160774551627576,0.0,0,0,0,1,0,1,0,0
Customer_54,1030.0,0,0.7692307692307693,0.909028683341844,1.0,0,1,0,0,0,0,0,1
Customer_111,1075.0,2,0.3653846153846154,0.8545839436612963,0.0,0,0,0,1,0,0,1,0
Customer_149,1041.0,1,0.28846153846153855,0.14197348041988955,1.0,0,0,0,0,1,0,1,0
Customer_168,1022.0,0,0.8076923076923078,0.6188167290489475,1.0,0,0,0,0,0,0,0,1
Customer_83,1033.0,1,0.17307692307692313,0.25282117360673667,0.0,0,0,1,0,0,0,0,1
Customer_114,1016.0,0,0.5192307692307693,0.6731848902511604,1.0,0,0,0,1,0,0,0,1
Customer_55,1067.0,2,0.07692307692307698,0.7536560812061894,1.0,1,0,0,0,0,1,0,0
Customer_131,1014.0,0,0.5384615384615385,0.9939066678361395,1.0,1,0,0,0,0,0,0,1
Customer_122,1095.0,2,0.730769230769231,0.550436828703859,0.0,0,0,0,0,1,0,1,0
Customer_189,1008.0,0,0.576923076923077,0.6467476863742598,0.0,0,0,0,0,0,1,0,0
Customer_169,1057.0,0,0.48076923076923084,0.6738958262699939,0.0,0,0,0,0,0,1,0,0
Customer_22,1099.0,0,0.6538461538461539,0.2507565609614247,1.0,0,0,0,0,1,0,0,1
Customer_73,1046.0,0,0.6153846153846154,0.19721555196069035,1.0,0,0,0,1,0,1,0,0
Customer_132,1065.0,1,0.5170715249662619,0.5823428543190081,0.0,1,0,0,0,0,0,0,1
Customer_170,1075.0,1,0.5000000000000001,0.9551741148044425,1.0,0,0,0,0,1,1,0,0
Customer_163,1013.0,1,0.6538461538461539,0.3577488241504472,0.0,0,0,1,0,0,1,0,0
Customer_86,1064.0,0,0.9615384615384616,0.2345196149818011,0.0,0,0,1,0,0,1,0,0
Customer_24,1028.0,2,0.4423076923076924,0.28538133609006516,1.0,0,0,0,1,0,0,1,0
Customer_61,1005.0,2,0.980769230769231,0.1932765924061394,0.0,0,0,0,0,1,0,1,0
Customer_173,1093.0,1,0.6538461538461539,0.4871265135637522,1.0,0,1,0,0,0,0,1,0
Customer_58,1084.0,0,0.7692307692307693,0.6615704456947966,0.0,0,0,0,0,0,0,1,0
Customer_51,1066.0,0,0.0961538461538462,0.6957794659738038,1.0,0,0,0,1,0,0,1,0
Customer_7,1058.0,0,0.9423076923076924,0.5685392297197248,1.0,0,0,0,0,1,1,0,0
Customer_12,1082.0,1,0.28846153846153855,0.810602252819835,1.0,0,0,0,1,0,1,0,0
Customer_63,1003.0,1,0.8076923076923078,0.96232934509331,0.0,1,0,0,0,0,0,0,1
Customer_122,1007.0,1,0.8076923076923078,0.16829107522132944,0.0,1,0,0,0,0,0,0,1
Customer_197,1051.0,0,0.1923076923076924,0.7884504836902314,1.0,0,1,0,0,0,1,0,0
Customer_19,1054.0,2,0.7884615384615384,0.7146158000222181,1.0,0,0,0,0,1,0,0,1
Customer_117,1087.0,2,0.7500000000000001,0.6428922031319697,0.0,0,0,1,0,0,0,0,1
Customer_107,1013.0,0,0.03846153846153849,0.2768810045834431,1.0,0,0,0,0,0,0,1,0
Customer_148,1091.0,1,0.7884615384615384,0.6818309188157993,1.0,0,1,0,0,0,1,0,0
Customer_50,1056.0,0,0.826923076923077,0.3320433123572538,1.0,1,0,0,0,0,0,0,1
Customer_184,1009.0,0,0.7884615384615384,0.48118920331751325,0.0,0,0,1,0,0,0,0,1
Customer_179,1010.0,1,0.48076923076923084,0.4464172152457869,0.0,0,0,0,1,0,1,0,0
Customer_99,1041.0,2,0.9230769230769232,0.7775019192797379,1.0,0,0,1,0,0,0,1,0
Customer_127,1077.0,0,0.40384615384615385,0.4882423131129121,1.0,1,0,0,0,0,0,0,1
Customer_103,1018.0,2,0.9615384615384616,0.10817996076023165,0.0,0,0,0,0,1,0,1,0
Customer_168,1035.0,0,0.0,0.28083713231266905,0.0,0,0,0,0,0,1,0,0
Customer_177,1079.0,0,0.5170715249662619,0.8294415123786956,0.0,1,0,0,0,0,0,1,0
Customer_193,1074.0,0,0.2692307692307693,0.19622487475120287,1.0,0,0,0,0,1,0,0,1
Customer_198,1070.0,2,0.5170715249662619,0.7360698751610688,0.0,0,1,0,0,0,1,0,0
Customer_28,1091.0,0,0.9038461538461539,0.6286002079170903,1.0,1,0,0,0,0,0,0,1
Customer_109,1041.0,0,0.6346153846153847,0.7299194964613557,1.0,0,0,0,1,0,0,1,0
Customer_57,1048.0,0,0.6730769230769232,0.8954370464003353,0.0,0,0,0,1,0,0,1,0
Customer_46,1076.0,2,0.7115384615384616,0.8527028444350678,1.0,1,0,0,0,0,0,1,0
Customer_179,1067.0,0,0.8461538461538461,0.6336332912045908,1.0,0,0,0,0,1,1,0,0
Customer_133,1037.0,0,0.6923076923076924,0.8155700313835612,0.0,0,1,0,0,0,0,1,0
Customer_119,1058.0,2,0.2692307692307693,0.5806393663342555,1.0,0,0,0,0,1,0,1,0
Customer_13,1064.0,2,0.5384615384615385,0.7719068946076176,0.0,0,0,0,0,1,0,0,1
Customer_64,1055.0,2,0.48076923076923084,0.03563647004302586,0.0,0,0,0,0,1,0,1,0
Customer_32,1012.0,2,0.5576923076923077,0.26073577529597614,0.0,0,0,0,1,0,0,1,0
Customer_119,1083.0,2,0.7115384615384616,0.6560282836020528,1.0,0,0,0,1,0,1,0,0
Customer_136,1098.0,2,0.6153846153846154,0.39328868858581834,0.0,1,0,0,0,0,0,0,1
Customer_144,1070.0,0,0.17307692307692313,0.8947660091723995,1.0,0,0,0,0,1,0,0,1
Customer_153,1092.0,0,0.42307692307692313,0.5913937649809197,1.0,0,1,0,0,0,0,0,1
Customer_194,1055.0,1,0.576923076923077,0.13335600721227261,0.0,0,0,0,1,0,1,0,0
Customer_157,1029.0,2,0.5170715249662619,0.08980836472438623,1.0,0,0,0,0,1,0,1,0
Customer_130,1043.0,0,0.0961538461538462,0.009439252252217957,1.0,0,1,0,0,0,1,0,0
Customer_110,1058.0,0,0.13461538461538464,0.23888968899127344,0.0,0,1,0,0,0,0,1,0
Customer_41,1093.0,0,0.42307692307692313,0.6864357019567405,0.0,0,0,0,0,0,1,0,0
Customer_191,1012.0,1,0.3653846153846154,0.7598516961094417,1.0,1,0,0,0,0,0,0,1
Customer_122,1040.0,0,0.40384615384615385,0.13987845241678856,0.0,0,0,0,0,0,0,1,0
Customer_116,1054.0,2,0.5576923076923077,0.15882607711891136,0.0,0,0,0,0,0,1,0,0
Customer_67,1040.0,1,0.9615384615384616,0.568032024232871,0.0,0,0,0,0,0,0,0,1
Customer_164,1047.0,0,0.576923076923077,0.1457364618995993,1.0,0,0,0,0,0,1,0,0
Customer_71,1019.0,0,0.42307692307692313,0.7345218980795561,0.0,0,1,0,0,0,0,0,1
Customer_197,1087.0,2,0.576923076923077,0.9427465672941953,1.0,0,0,0,0,0,0,1,0
Customer_62,1010.0,1,0.8461538461538461,0.26449559851590065,0.0,1,0,0,0,0,1,0,0
Customer_71,1011.0,0,0.5384615384615385,0.23400281943448292,0.0,1,0,0,0,0,0,1,0
Customer_113,1055.0,0,0.3846153846153847,0.6707804091309949,0.0,0,0,0,0,0,0,1,0
Customer_183,1095.0,1,0.3653846153846154,0.7942803353577059,0.0,0,1,0,0,0,0,0,1
Customer_74,1094.0,1,0.03846153846153849,0.3888610430841988,1.0,0,0,0,1,0,0,1,0
Customer_61,1047.0,2,0.980769230769231,0.9213650348952915,0.0,0,1,0,0,0,0,1,0
Customer_70,1016.0,2,0.8653846153846155,0.8848301585369458,0.0,0,0,0,1,0,0,1,0
Customer_86,1071.0,2,0.13461538461538464,0.03890138400438448,0.0,0,0,0,1,0,1,0,0
Customer_82,1007.0,1,0.019230769230769273,0.6506175075199508,0.0,0,1,0,0,0,1,0,0
Customer_139,1075.0,2,0.40384615384615385,0.10254381116776179,1.0,0,1,0,0,0,0,0,1
Customer_21,1071.0,0,0.7884615384615384,0.9721615878429829,0.0,0,0,0,1,0,0,0,1
Customer_36,1071.0,1,0.11538461538461542,0.6355836498511648,0.0,1,0,0,0,0,0,0,1
Customer_39,1042.0,2,0.826923076923077,0.2736802850629584,0.0,0,0,0,0,0,1,0,0
Customer_99,1015.0,0,0.1923076923076924,0.5803686437760713,1.0,0,0,0,0,1,0,0,1
Customer_178,1052.0,2,0.9038461538461539,0.5718542669393281,1.0,0,1,0,0,0,1,0,0
Customer_181,1085.0,0,0.6346153846153847,0.3792377438741432,0.0,0,1,0,0,0,0,1,0
Customer_55,1096.0,1,0.21153846153846156,0.5894620580354302,0.0,0,0,0,1,0,0,1,0
Customer_17,1054.0,0,0.6730769230769232,0.901589619269474,1.0,0,0,1,0,0,1,0,0
Customer_139,1076.0,0,0.5192307692307693,0.222826840232249,1.0,0,1,0,0,0,1,0,0
Customer_120,1039.0,2,0.5170715249662619,0.40670042599752587,0.0,0,0,0,0,0,0,0,1
Customer_107,1045.0,0,0.2692307692307693,0.820187768497215,0.0,0,0,0,0,1,0,1,0
Customer_16,1013.0,2,0.980769230769231,0.34558120432633066,1.0,1,0,0,0,0,0,0,1
Customer_53,1073.0,0,0.48076923076923084,0.7954834208013931,0.0,0,0,1,0,0,0,1,0
Customer_108,1064.0,2,0.7692307692307693,0.8904787096976413,1.0,0,0,0,0,0,1,0,0
Customer_6,1028.0,2,0.5192307692307693,0.5159524529037964,0.0,1,0,0,0,0,0,0,1
Customer_196,1013.0,0,0.48076923076923084,0.2810316857165844,0.0,1,0,0,0,0,0,0,1
Customer_148,1044.0,2,0.019230769230769273,0.14979837516322278,0.0,0,0,0,0,0,0,1,0
Customer_98,1071.0,0,0.9038461538461539,0.15695152423715772,0.0,0,0,0,0,1,0,1,0
Customer_2,1014.0,0,0.23076923076923084,0.8199046458470458,0.0,0,0,0,0,1,0,1,0
Customer_91,1097.0,0,0.5384615384615385,0.6632664215535434,0.0,0,0,0,0,1,0,1,0
Customer_77,1035.0,0,0.7115384615384616,0.4155165294076787,1.0,0,0,1,0,0,0,1,0
Customer_193,1073.0,2,0.5192307692307693,0.3306983199046011,0.0,0,0,0,1,0,0,1,0
Customer_100,1028.0,0,0.5170715249662619,0.11270894453455955,0.0,0,0,0,0,1,1,0,0
Customer_108,1054.0,2,0.0,0.6774580328347533,0.0,0,1,0,0,0,1,0,0
Customer_138,1071.0,1,0.8653846153846155,0.48025165097337774,0.0,0,0,0,1,0,1,0,0
Customer_192,1098.0,1,0.25,0.592589963321349,0.0,1,0,0,0,0,0,0,1
Customer_189,1079.0,2,0.25,0.6493455552263401,1.0,0,1,0,0,0,0,0,1
Customer_140,1078.0,0,0.326923076923077,0.4117831557849886,1.0,0,1,0,0,0,0,0,1
Customer_125,1071.0,2,0.980769230769231,0.5941546441886884,0.0,0,0,1,0,0,1,0,0
Customer_57,1003.0,2,0.9615384615384616,0.13420308306329043,0.0,0,0,0,0,0,1,0,0
Customer_70,1077.0,0,0.07692307692307698,0.5140443382381107,1.0,1,0,0,0,0,0,1,0
Customer_125,1088.0,0,0.11538461538461542,0.14640589714284458,1.0,0,0,0,1,0,0,0,1
Customer_8,1034.0,0,0.980769230769231,0.16598123987408714,0.0,0,1,0,0,0,0,0,1
Customer_100,1003.0,2,0.6538461538461539,0.925933081734173,0.0,0,0,0,0,0,0,0,1
Customer_87,1023.0,2,0.21153846153846156,0.5180625522259446,0.0,0,1,0,0,0,1,0,0
Customer_172,1034.0,2,0.5170715249662619,0.4063125768957189,0.0,0,1,0,0,0,0,0,1
Customer_174,1089.0,2,0.3846153846153847,0.9729679553877901,1.0,0,0,0,0,1,0,0,1
Customer_104,1097.0,0,0.23076923076923084,0.6396600064344564,0.0,0,0,0,0,1,0,1,0
Customer_186,1039.0,0,0.5170715249662619,0.8817716803230654,1.0,0,0,1,0,0,0,1,0
Customer_43,1043.0,2,0.13461538461538464,0.7304712372278321,1.0,0,0,0,0,0,1,0,0
Customer_33,1000.0,1,0.8076923076923078,0.950866273845726,0.0,0,1,0,0,0,1,0,0
Customer_160,1023.0,0,0.5961538461538463,0.2164889255594093,0.0,0,1,0,0,0,0,0,1
Customer_137,1018.0,0,0.6346153846153847,0.608405006978186,0.0,1,0,0,0,0,0,1,0
Customer_7,1072.0,0,0.7692307692307693,0.47260524182092073,0.0,1,0,0,0,0,0,0,1
Customer_101,1084.0,2,0.3846153846153847,0.48291235325273674,0.0,0,0,0,0,1,0,1,0
Customer_152,1051.0,2,0.730769230769231,0.21927341560084718,1.0,0,0,0,1,0,1,0,0
Customer_145,1008.0,2,0.46153846153846156,0.41165012723382005,0.0,0,1,0,0,0,0,0,1
Customer_170,1018.0,0,0.7500000000000001,0.14223180783958533,1.0,0,0,0,0,0,1,0,0
Customer_110,1011.0,0,0.42307692307692313,0.5121970811895936,0.0,0,0,0,0,0,0,0,1
Customer_35,1095.0,1,0.42307692307692313,0.16736859697800172,0.0,0,0,0,0,0,1,0,0
Customer_119,1067.0,2,0.5576923076923077,0.6878724808768357,0.0,0,0,0,0,1,0,1,0
Customer_47,1027.0,2,0.7500000000000001,0.925837673032806,1.0,0,0,0,1,0,1,0,0
Customer_13,1048.0,0,0.21153846153846156,0.5983616391411316,1.0,0,1,0,0,0,1,0,0
Customer_67,1053.0,2,1.0,0.06798679217900161,0.0,0,0,0,0,1,0,1,0
Customer_98,1058.0,0,0.826923076923077,0.3789290163783812,0.0,0,0,1,0,0,1,0,0
Customer_117,1047.0,1,0.3653846153846154,0.5241640842347636,1.0,0,0,0,1,0,1,0,0
Customer_84,1039.0,0,0.7500000000000001,0.9127587550659367,1.0,0,0,0,0,0,0,0,1
Customer_87,1092.0,2,0.7115384615384616,0.6866429251319219,0.0,0,0,0,1,0,1,0,0
Customer_195,1041.0,0,0.0961538461538462,0.8295123834437819,1.0,1,0,0,0,0,0,0,1
Customer_98,1099.0,0,0.826923076923077,0.6073849641799183,1.0,0,0,0,0,0,0,1,0
Customer_72,1072.0,2,0.15384615384615385,0.17711842642699585,1.0,0,1,0,0,0,1,0,0
Customer_193,1076.0,1,0.3846153846153847,0.9049884224233207,1.0,0,0,0,1,0,0,0,1
Customer_108,1010.0,1,0.13461538461538464,0.6016587612091167,0.0,0,0,0,0,0,0,0,1
Customer_65,1006.0,0,0.28846153846153855,0.8810114875560922,0.0,0,0,0,0,0,0,0,1
Customer_21,1019.0,0,0.3653846153846154,0.5329270432771093,0.0,0,0,0,1,0,1,0,0
Customer_121,1020.0,0,0.13461538461538464,0.7550042414927775,0.0,1,0,0,0,0,0,0,1
Customer_5,1096.0,1,0.5170715249662619,0.0924577154055575,0.0,0,0,0,1,0,1,0,0
Customer_139,1006.0,1,0.8461538461538461,0.9053668752414233,1.0,0,1,0,0,0,0,1,0
Customer_14,1086.0,0,0.17307692307692313,0.540823043390258,0.0,1,0,0,0,0,1,0,0
Customer_90,1010.0,0,0.6153846153846154,0.0,0.0,0,0,0,0,1,1,0,0
Customer_58,1034.0,1,0.46153846153846156,0.9412988221879331,0.0,0,0,0,0,1,0,1,0
Customer_167,1056.0,0,0.5000000000000001,0.6808049062950685,1.0,0,1,0,0,0,0,1,0
Customer_18,1084.0,1,0.730769230769231,0.4324855547232386,1.0,0,1,0,0,0,0,0,1
Customer_194,1077.0,2,0.46153846153846156,0.6999854313811358,1.0,0,0,1,0,0,0,1,0
Customer_8,1056.0,2,0.5192307692307693,0.4299320700375497,0.0,0,0,0,0,0,0,1,0
Customer_64,1053.0,0,0.21153846153846156,0.9419891031741745,0.0,0,0,1,0,0,1,0,0
Customer_52,1034.0,2,0.5961538461538463,0.48336971692521646,1.0,1,0,0,0,0,0,1,0
Customer_6,1027.0,1,0.7692307692307693,0.7713756226896458,0.0,0,0,1,0,0,0,1,0
Customer_160,1096.0,0,0.6538461538461539,0.35109459995251785,0.0,0,1,0,0,0,0,1,0
Customer_40,1065.0,1,0.8461538461538461,0.8075078654773297,0.0,0,0,0,0,0,1,0,0
Customer_62,1014.0,1,0.7884615384615384,0.9112708779948372,1.0,0,0,1,0,0,0,0,1
Customer_33,1044.0,0,0.21153846153846156,0.840243022777492,0.0,0,1,0,0,0,0,1,0
Customer_122,1055.0,0,0.6730769230769232,0.5778452541456882,1.0,0,0,1,0,0,0,1,0
Customer_172,1014.0,2,0.1923076923076924,0.42644756632708725,0.0,0,0,0,0,1,0,1,0
Customer_30,1036.0,0,0.5961538461538463,0.2546064597835848,0.0,0,0,0,0,0,1,0,0
Customer_56,1086.0,2,0.15384615384615385,0.9135086842618932,1.0,1,0,0,0,0,1,0,0
Customer_120,1075.0,0,0.21153846153846156,0.08303765288817024,0.0,0,0,0,0,0,1,0,0
Customer_180,1062.0,1,0.3846153846153847,0.6001295745303481,1.0,0,0,0,1,0,0,0,1
Customer_66,1067.0,2,0.5384615384615385,0.5452906910708187,0.0,0,1,0,0,0,1,0,0
Customer_197,1085.0,2,0.7500000000000001,0.257910128757584,0.0,0,0,0,0,0,0,1,0
Customer_43,1005.0,0,0.42307692307692313,0.7462223239777389,0.0,0,1,0,0,0,0,0,1
Customer_156,1028.0,1,0.5170715249662619,0.005943957720928937,1.0,0,0,1,0,0,1,0,0
Customer_156,1050.0,0,0.5961538461538463,0.523992502580859,1.0,0,0,1,0,0,0,0,1
Customer_192,1076.0,0,0.15384615384615385,0.5211995825345334,0.0,0,0,1,0,0,0,1,0
Customer_184,1007.0,0,0.23076923076923084,0.3757313617012835,1.0,0,0,1,0,0,1,0,0
Customer_80,1038.0,0,0.6730769230769232,0.40971857635819,1.0,1,0,0,0,0,0,1,0
Customer_28,1027.0,0,0.6153846153846154,0.1059190980301826,0.0,0,1,0,0,0,0,0,1
Customer_149,1098.0,1,0.7884615384615384,0.42703272018607635,1.0,0,0,0,0,0,0,1,0
Customer_7,1017.0,1,0.5961538461538463,0.5871416740145897,0.0,1,0,0,0,0,0,1,0
Customer_80,1097.0,2,0.5000000000000001,0.2614258412435516,0.0,1,0,0,0,0,0,0,1
Customer_148,1032.0,1,0.826923076923077,0.5376257655856602,0.0,1,0,0,0,0,1,0,0
Customer_174,1037.0,1,0.5961538461538463,0.5663364253563122,1.0,1,0,0,0,0,1,0,0
Customer_97,1041.0,2,0.5000000000000001,0.6137870260288464,0.0,1,0,0,0,0,0,0,1
Customer_102,1015.0,2,0.8653846153846155,0.995637680517,0.0,0,1,0,0,0,0,1,0
Customer_184,1000.0,1,0.5384615384615385,0.3982697012899551,1.0,0,0,0,0,0,0,0,1
Customer_51,1063.0,0,0.5961538461538463,0.2035235473059028,1.0,0,1,0,0,0,1,0,0
Customer_20,1095.0,2,0.1923076923076924,0.5537072159482301,1.0,0,0,0,0,1,0,0,1
Customer_177,1022.0,1,0.6923076923076924,0.17842243993461496,1.0,1,0,0,0,0,0,1,0
Customer_161,1016.0,2,0.019230769230769273,0.5607316499670164,0.0,0,0,0,0,1,1,0,0
Customer_63,1048.0,0,0.9615384615384616,0.48501475268144334,1.0,1,0,0,0,0,0,0,1
Customer_179,1090.0,1,0.2692307692307693,0.579383375215261,0.0,0,0,0,1,0,0,1,0
Customer_78,1064.0,2,0.03846153846153849,0.39894874171563055,0.0,0,0,0,0,1,1,0,0
Customer_154,1085.0,0,0.2692307692307693,0.8670185541181037,1.0,0,1,0,0,0,1,0,0
Customer_145,1009.0,0,0.34615384615384615,0.22973384855645756,1.0,0,0,1,0,0,0,0,1
Customer_11,1050.0,2,0.1923076923076924,0.7858866556911451,1.0,0,0,0,0,0,0,1,0
Customer_89,1094.0,0,0.9423076923076924,0.9528677135066703,1.0,0,0,1,0,0,0,1,0
Customer_170,1002.0,2,0.9038461538461539,0.7888736362172146,0.0,0,0,1,0,0,1,0,0
Customer_95,1058.0,1,0.9423076923076924,0.8037213955063176,0.0,0,0,0,0,0,0,1,0
Customer_166,1073.0,1,0.6730769230769232,0.05111128034405661,0.0,0,0,1,0,0,0,0,1
Customer_88,1054.0,0,0.6153846153846154,0.38987675453264564,0.0,0,0,1,0,0,0,0,1
Customer_4,1073.0,2,0.13461538461538464,0.6379050356507192,0.0,0,0,1,0,0,0,1,0
Customer_108,1051.0,0,0.6923076923076924,0.8072549071745803,1.0,0,0,0,0,0,1,0,0
Customer_126,1090.0,2,0.13461538461538464,0.8262370861387414,0.0,0,1,0,0,0,1,0,0
Customer_28,1081.0,0,0.326923076923077,0.47286174523285096,0.0,0,0,0,0,0,0,0,1
Customer_111,1053.0,1,0.9423076923076924,0.6020926018923884,1.0,1,0,0,0,0,0,1,0
Customer_93,1037.0,1,0.6538461538461539,0.0873827530564237,0.0,1,0,0,0,0,0,0,1
Customer_163,1014.0,0,1.0,0.2632240456806927,1.0,0,0,1,0,0,0,0,1
Customer_118,1051.0,2,0.4423076923076924,0.37151526715710337,1.0,0,0,1,0,0,0,1,0
Customer_182,1002.0,2,0.6538461538461539,0.6109207029297951,1.0,0,0,1,0,0,0,0,1
Customer_40,1041.0,0,1.0,0.7269739343401332,0.0,0,1,0,0,0,1,0,0
Customer_46,1079.0,1,0.03846153846153849,0.4014766426438225,1.0,0,0,1,0,0,0,0,1
Customer_188,1058.0,1,0.9230769230769232,0.6583069069506636,0.0,0,1,0,0,0,1,0,0
Customer_134,1088.0,0,0.8846153846153847,0.2867202024736587,0.0,0,0,0,1,0,0,1,0
Customer_167,1046.0,0,0.5384615384615385,0.9672250238306599,0.0,0,0,1,0,0,0,0,1
Customer_70,1011.0,2,0.6538461538461539,0.05654903992679054,1.0,0,0,0,1,0,0,0,1
Customer_158,1055.0,2,0.25,0.7763375166052963,0.0,0,0,0,0,0,1,0,0
Customer_199,1031.0,2,0.11538461538461542,0.4956769370908637,1.0,0,0,0,0,0,0,0,1
Customer_124,1055.0,1,0.9038461538461539,0.009558570272181412,1.0,0,0,0,0,1,1,0,0
Customer_112,1051.0,0,0.9230769230769232,0.9342869598339187,0.0,0,0,1,0,0,0,0,1
Customer_188,1067.0,1,0.28846153846153855,0.519582836338962,0.0,0,0,1,0,0,0,0,1
Customer_152,1010.0,1,0.3653846153846154,0.19453086607957198,1.0,0,0,0,0,0,0,1,0
Customer_83,1039.0,2,0.5384615384615385,0.5119387154659728,0.0,1,0,0,0,0,1,0,0
Customer_23,1043.0,1,0.42307692307692313,0.6171131693005031,0.0,0,0,0,0,0,0,0,1
Customer_63,1099.0,2,0.5384615384615385,0.6571449153017652,0.0,0,0,1,0,0,0,1,0
Customer_119,1009.0,2,0.9423076923076924,0.0860782739680168,0.0,0,0,0,0,1,0,1,0
Customer_146,1065.0,2,0.980769230769231,0.27613426019586473,1.0,0,1,0,0,0,1,0,0
Customer_157,1081.0,2,0.28846153846153855,0.4002593130591693,1.0,0,1,0,0,0,0,0,1
Customer_172,1014.0,2,0.25,0.6718623314417255,0.0,0,0,0,0,0,1,0,0
Customer_98,1067.0,0,0.980769230769231,0.40630720006622695,0.0,0,0,0,1,0,0,1,0
Customer_87,1065.0,0,0.9038461538461539,0.20012305837340033,1.0,0,0,0,0,1,1,0,0
Customer_8,1024.0,0,0.7115384615384616,0.01423838128055125,1.0,1,0,0,0,0,0,0,1
Customer_127,1099.0,1,0.8461538461538461,0.7059949646738081,0.0,0,1,0,0,0,0,0,1
Customer_84,1044.0,2,0.42307692307692313,0.9226470003737696,1.0,0,0,0,0,1,0,1,0
Customer_125,1093.0,2,0.7500000000000001,0.7286262936910829,1.0,0,0,0,1,0,0,0,1
Customer_91,1018.0,1,0.5192307692307693,0.5846915033245528,0.0,0,1,0,0,0,1,0,0
Customer_67,1030.0,1,0.5170715249662619,0.34803639657438634,1.0,0,0,0,1,0,1,0,0
Customer_88,1013.0,0,0.7500000000000001,0.8184571234639846,0.0,0,0,0,1,0,0,1,0
Customer_72,1018.0,1,0.15384615384615385,0.22624037555692414,1.0,0,0,0,1,0,1,0,0
Customer_71,1022.0,1,1.0,0.40480510035828143,1.0,0,0,0,0,1,0,1,0
Customer_3,1019.0,0,0.980769230769231,0.1747188841415565,1.0,0,1,0,0,0,1,0,0
Customer_49,1097.0,0,0.6923076923076924,0.5602661772904517,1.0,1,0,0,0,0,0,1,0
Customer_22,1083.0,2,0.42307692307692313,0.5045224956736268,1.0,0,0,0,1,0,0,1,0
Customer_62,1009.0,0,0.6538461538461539,0.34048900258042847,0.0,0,0,0,0,1,0,1,0
Customer_185,1022.0,1,0.326923076923077,0.1163979154481895,0.0,0,0,0,0,0,1,0,0
Customer_126,1080.0,2,0.6538461538461539,0.257797971419699,0.0,0,0,0,1,0,1,0,0
Customer_143,1063.0,2,0.1923076923076924,0.5394334131692646,1.0,0,0,0,0,1,0,1,0
Customer_195,1059.0,0,0.3846153846153847,0.7962189476851862,0.0,0,0,0,0,0,0,1,0
Customer_62,1096.0,1,0.8653846153846155,0.2502076596950294,0.0,0,0,1,0,0,1,0,0
Customer_177,1072.0,1,0.34615384615384615,0.4438147102072206,1.0,0,0,0,0,1,0,0,1
Customer_122,1097.0,1,0.34615384615384615,0.37779219125909314,0.0,0,1,0,0,0,1,0,0
Customer_126,1087.0,2,0.6153846153846154,0.34018231939575255,1.0,1,0,0,0,0,0,1,0
Customer_115,1072.0,0,0.826923076923077,0.7783379944648829,1.0,0,0,0,0,0,1,0,0
Customer_5,1082.0,0,1.0,0.6838556600244484,1.0,0,0,0,0,1,1,0,0
Customer_24,1081.0,2,0.11538461538461542,0.8998781622924094,1.0,0,0,0,0,0,0,0,1
Customer_76,1079.0,2,0.15384615384615385,0.8652021132418435,0.0,0,0,1,0,0,1,0,0
Customer_57,1041.0,0,0.9230769230769232,0.48321565134345307,0.0,0,0,0,1,0,0,1,0
Customer_104,1080.0,0,0.9615384615384616,0.25792499248472134,1.0,0,1,0,0,0,1,0,0
Customer_63,1019.0,0,0.05769230769230771,0.7914616305477206,1.0,1,0,0,0,0,0,0,1
Customer_170,1008.0,1,0.7884615384615384,0.7035366994353542,0.0,0,0,0,1,0,0,0,1
Customer_149,1060.0,1,0.15384615384615385,0.803025534047769,1.0,0,0,0,0,1,0,0,1
Customer_95,1056.0,0,0.8461538461538461,0.4133176875230052,1.0,0,0,1,0,0,0,1,0
Customer_122,1080.0,0,0.15384615384615385,0.35368616832352057,1.0,0,0,0,0,0,0,1,0
Customer_136,1035.0,0,0.5170715249662619,0.7031773316948413,0.0,0,0,1,0,0,0,0,1
Customer_109,1007.0,0,0.3846153846153847,0.2875447246386778,1.0,0,1,0,0,0,1,0,0
Customer_191,1045.0,0,0.28846153846153855,0.3997537006446536,0.0,1,0,0,0,0,1,0,0
Customer_141,1064.0,2,0.9230769230769232,0.7513909343882085,0.0,1,0,0,0,0,1,0,0
Customer_85,1009.0,1,0.826923076923077,0.3425262974897543,1.0,1,0,0,0,0,1,0,0
Customer_180,1059.0,1,0.5961538461538463,0.17818739974691655,1.0,1,0,0,0,0,0,1,0
Customer_117,1057.0,1,0.17307692307692313,0.31426315104689434,0.0,0,1,0,0,0,0,1,0
Customer_70,1004.0,0,0.6923076923076924,0.21847167673306692,0.0,0,0,0,0,0,0,0,1
Customer_79,1007.0,0,0.7692307692307693,0.5754248058164839,0.0,0,1,0,0,0,0,1,0
Customer_65,1047.0,1,0.326923076923077,0.18250797281336129,1.0,0,0,0,1,0,0,1,0
Customer_31,1009.0,0,0.5000000000000001,0.9337811960430893,0.0,1,0,0,0,0,1,0,0
Customer_185,1082.0,1,0.46153846153846156,0.1899285758412591,1.0,0,0,0,1,0,0,1,0
Customer_50,1011.0,1,0.5384615384615385,0.7396556547323363,0.0,0,0,0,1,0,1,0,0
Customer_81,1078.0,2,0.5170715249662619,0.23484980937599803,0.0,0,0,0,0,0,1,0,0
Customer_31,1076.0,0,0.7692307692307693,0.24208155727224945,0.0,0,0,1,0,0,0,1,0
Customer_177,1074.0,1,0.48076923076923084,0.8393828651979129,1.0,0,0,0,0,1,0,1,0
Customer_50,1094.0,0,0.9038461538461539,0.7816946589463312,1.0,1,0,0,0,0,1,0,0
Customer_56,1005.0,2,0.326923076923077,0.11928200781218341,1.0,0,0,0,1,0,0,1,0
Customer_124,1073.0,0,0.4423076923076924,0.9594354604335413,1.0,0,0,1,0,0,0,0,1
Customer_71,1083.0,2,0.5576923076923077,0.4939647569023997,0.0,0,0,0,0,0,0,1,0
Customer_151,1041.0,2,0.3846153846153847,0.860243072086735,0.0,0,1,0,0,0,0,0,1
Customer_195,1077.0,1,0.7115384615384616,0.9616601265214124,0.0,0,0,1,0,0,1,0,0
Customer_153,1064.0,2,0.9423076923076924,0.37187851500119856,1.0,0,0,0,1,0,0,0,1
Customer_73,1019.0,2,0.8846153846153847,0.31581513248908505,1.0,0,0,0,1,0,0,0,1
Customer_26,1007.0,0,0.0961538461538462,0.9014836658603431,1.0,1,0,0,0,0,1,0,0
Customer_50,1057.0,1,0.8846153846153847,0.8842625529489179,1.0,0,1,0,0,0,1,0,0
Customer_76,1013.0,0,0.5576923076923077,0.5762356706250203,1.0,0,0,0,0,1,1,0,0
Customer_59,1043.0,2,0.7692307692307693,0.2749242990675848,1.0,0,0,0,0,1,1,0,0
Customer_93,1091.0,0,0.8076923076923078,0.1825958279631464,1.0,0,1,0,0,0,1,0,0
Customer_46,1010.0,0,0.8461538461538461,0.7669438457056694,0.0,0,0,0,1,0,0,0,1
Customer_4,1082.0,1,0.07692307692307698,0.3986972147359851,0.0,0,0,0,0,0,0,0,1
Customer_137,1005.0,2,0.6538461538461539,0.12769203088114792,0.0,1,0,0,0,0,1,0,0
Customer_33,1031.0,1,0.48076923076923084,0.5272035687587021,1.0,0,0,1,0,0,0,1,0
